Link Name,Center of Mass X,Center of Mass Y,Center of Mass Z,Center of Mass Roll,Center of Mass Pitch,Center of Mass Yaw,Mass,Moment Ixx,Moment Ixy,Moment Ixz,Moment Iyy,Moment Iyz,Moment Izz,Visual X,Visual Y,Visual Z,Visual Roll,Visual Pitch,Visual Yaw,Mesh Filename,Color Red,Color Green,Color Blue,Color Alpha,Collision X,Collision Y,Collision Z,Collision Roll,Collision Pitch,Collision Yaw,Collision Mesh Filename,Material Name,SW Components,Coordinate System,Axis Name,Joint Name,Joint Type,Joint Origin X,Joint Origin Y,Joint Origin Z,Joint Origin Roll,Joint Origin Pitch,Joint Origin Yaw,Parent,Joint Axis X,Joint Axis Y,Joint Axis Z,Limit Effort,Limit Velocity,Limit Lower,Limit Upper,Calibration rising,Calibration falling,Dynamics Damping,Dynamics Friction,Safety Soft Upper,Safety Soft Lower,Safety K Position,Safety K Velocity
base_link,-0.051472,-1.1552E-05,0.020319,0,0,0,1.4163,0.0021671,1.8066E-08,-0.00024141,0.0015112,6.6375E-10,0.0025051,0,0,0,0,0,0,package://dm_prototype_v02/meshes/base_link.STL,0.69804,0.69804,0.69804,1,0,0,0,0,0,0,package://dm_prototype_v02/meshes/base_link.STL,,link_base-1/link_base-1;link_base-1/DM_4340__3D20240822_定子-1;link_base-1/DM_4340__3D20240822_定子-2;link_base-1/DM_4340__3D20240822_定子-3,Origin_global,,,,0,0,0,0,0,0,,0,0,0,,,,,,,,,,,,
waist_yaw_link,0.01003,2.647E-07,0.15087,0,0,0,4.1981,0.022522,-4.7271E-08,-4.1009E-05,0.017977,-9.3478E-08,0.014275,0,0,0,0,0,0,package://dm_prototype_v02/meshes/waist_yaw_link.STL,1,1,1,1,0,0,0,0,0,0,package://dm_prototype_v02/meshes/waist_yaw_link.STL,,RXDM-总装-1/躯干-1;RXDM-总装-1/达妙DM-J4310-2EC定子-3;RXDM-总装-1/达妙DM-J4310-2EC定子-4;RXDM-总装-1/CMDVF5555-V2-20250912-1;RXDM-总装-1/MirrorCMDVF5555-V2-20250912-2;RXDM-总装-1/DM_4340__3D20240822_转子-1,坐标系1,基准轴1,waist_yaw_joint,revolute,0,0,0.0437499999999999,0,0,0,base_link,0,0,-1,0,0,0,0,,,,,,,,
r_shoulder_pitch_link,-0.001297,-0.076747,1.2055E-06,0,0,0,0.40323,0.00014803,-5.3088E-07,-7.0318E-10,0.00014627,-2.8065E-08,0.00012736,0,0,0,0,0,0,package://dm_prototype_v02/meshes/r_shoulder_pitch_link.STL,1,1,1,1,0,0,0,0,0,0,package://dm_prototype_v02/meshes/r_shoulder_pitch_link.STL,,RXDM-总装-1/MirrorRXDM-左臂-L1-2/Mirror达妙DM-J4310-2EC转子-1;RXDM-总装-1/MirrorRXDM-左臂-L1-2/Mirror4310输出连接法兰L1-1;RXDM-总装-1/MirrorRXDM-左臂-L1-2/Mirror达妙DM-J4310-2EC定子-1;RXDM-总装-1/MirrorRXDM-左臂-L1-2/Mirror4310双端轴承座J2-1,坐标系2,基准轴2,r_shoulder_pitch_joint,revolute,0,-0.0530000000000001,0.21325,0,0,0,waist_yaw_link,0,-1,0,0,0,0,0,,,,,,,,
r_shoulder_roll_link,0.024716,-5.0805E-05,-0.05577,0,0,0,0.41152,0.0001432,-2.7448E-08,-1.7508E-06,0.00016225,3.4424E-07,0.00016985,0,0,0,0,0,0,package://dm_prototype_v02/meshes/r_shoulder_roll_link.STL,1,1,1,1,0,0,0,0,0,0,package://dm_prototype_v02/meshes/r_shoulder_roll_link.STL,,RXDM-总装-1/MirrorRXDM-左臂-L2-2/Mirror达妙DM-J4310-2EC转子-1;RXDM-总装-1/MirrorRXDM-左臂-L2-2/Mirror4310输出连接法兰L2-L-1;RXDM-总装-1/MirrorRXDM-左臂-L2-2/Mirror达妙DM-J4310-2EC定子-1,坐标系3,基准轴3,r_shoulder_roll_joint,revolute,-0.0227000000000002,-0.0865,0,0,0,0,r_shoulder_pitch_link,1,0,0,0,0,0,0,,,,,,,,
r_shoulder_yaw_link,-0.0010518,-0.00089443,-0.079087,0,0,0,0.40075,0.00014176,1.4355E-08,-1.5779E-06,0.00013078,-2.7563E-06,0.00013929,0,0,0,0,0,0,package://dm_prototype_v02/meshes/r_shoulder_yaw_link.STL,1,1,1,1,0,0,0,0,0,0,package://dm_prototype_v02/meshes/r_shoulder_yaw_link.STL,,RXDM-总装-1/MirrorRXDM-左臂-L3-2/Mirror达妙DM-J4310-2EC转子-1;RXDM-总装-1/MirrorRXDM-左臂-L3-2/Mirror达妙DM-J4310-2EC定子-1;RXDM-总装-1/MirrorRXDM-左臂-L3-2/Mirror左臂-4310输出连接法兰L3-1;RXDM-总装-1/MirrorRXDM-左臂-L3-2/Mirror左臂-4310双端轴承座J4-1,坐标系4,基准轴4,r_shoulder_yaw_joint,revolute,0.0220000000000001,0,-0.0499999999999993,0,0,0,r_shoulder_roll_link,0,0,-1,0,0,0,0,,,,,,,,
r_elbow_roll_link,0.024328,-9.7691E-05,-0.06013,0,0,0,0.4941,0.00024294,2.7823E-07,-2.283E-06,0.00026056,4.0949E-06,0.00027054,0,0,0,0,0,0,package://dm_prototype_v02/meshes/r_elbow_roll_link.STL,1,1,1,1,0,0,0,0,0,0,package://dm_prototype_v02/meshes/r_elbow_roll_link.STL,,RXDM-总装-1/MirrorRXDM-左臂-L4-2/Mirror达妙DM-J4310-2EC转子-1;RXDM-总装-1/MirrorRXDM-左臂-L4-2/Mirror达妙DM-J4310-2EC定子-1;RXDM-总装-1/MirrorRXDM-左臂-L4-2/MirrorL4外壳-1;RXDM-总装-1/MirrorRXDM-左臂-L4-2/Mirror左臂-4310输出连接法兰L4-1,坐标系5,基准轴5,r_elbow_roll_joint,revolute,-0.0222999999999987,0,-0.0895,0,0,0,r_shoulder_yaw_link,1,0,0,0,0,0,0,,,,,,,,
r_wrist_yaw_link,-0.0007974,6.6694E-06,-0.076537,0,0,0,0.39976,0.00014722,-3.3589E-09,-5.3256E-07,0.0001272,2.8479E-09,0.00014561,0,0,0,0,0,0,package://dm_prototype_v02/meshes/r_wrist_yaw_link.STL,1,1,1,1,0,0,0,0,0,0,package://dm_prototype_v02/meshes/r_wrist_yaw_link.STL,,RXDM-总装-1/MirrorRXDM-左臂-L5-2/Mirror达妙DM-J4310-2EC转子-1;RXDM-总装-1/MirrorRXDM-左臂-L5-2/Mirror4310输出连接法兰L5-1;RXDM-总装-1/MirrorRXDM-左臂-L5-2/Mirror达妙DM-J4310-2EC定子-1,坐标系6,基准轴6,r_wrist_yaw_joint,revolute,0.0219999999999987,0,-0.0500000000000001,0,0,0,r_elbow_roll_link,0,0,-1,0,0,0,0,,,,,,,,
r_wrist_roll_link,0.022714,0.13132,0.019433,0,0,0,0.001,2.7071,0.0011776,0.012626,2.4689,-0.047383,0.31284,0,0,0,0,0,0,package://dm_prototype_v02/meshes/r_wrist_roll_link.STL,1,1,1,1,0,0,0,0,0,0,package://dm_prototype_v02/meshes/r_wrist_roll_link.STL,,,坐标系7,基准轴7,r_wrist_roll_joint,revolute,-0.0223,0,-0.0864999999999999,0,0,0,r_wrist_yaw_link,1,0,0,0,0,0,0,,,,,,,,
l_shoulder_pitch_link,-0.001297,0.076747,1.1885E-06,0,0,0,0.40323,0.00014803,5.3087E-07,-8.1243E-10,0.00014627,2.8333E-08,0.00012736,0,0,0,0,0,0,package://dm_prototype_v02/meshes/l_shoulder_pitch_link.STL,0.64706,0.61961,0.58824,1,0,0,0,0,0,0,package://dm_prototype_v02/meshes/l_shoulder_pitch_link.STL,,RXDM-总装-1/RXDM-左臂-L1-1/达妙DM-J4310-2EC转子-1;RXDM-总装-1/RXDM-左臂-L1-1/4310输出连接法兰L1-1;RXDM-总装-1/RXDM-左臂-L1-1/达妙DM-J4310-2EC定子-1;RXDM-总装-1/RXDM-左臂-L1-1/4310双端轴承座J2-1,坐标系8,基准轴8,l_shoulder_pitch_joint,revolute,0,0.053,0.21325,0,0,0,waist_yaw_link,0,1,0,0,0,0,0,,,,,,,,
l_shoulder_roll_link,0.024716,5.0877E-05,-0.05577,0,0,0,0.41152,0.0001432,2.7204E-08,-1.7511E-06,0.00016225,-3.4442E-07,0.00016985,0,0,0,0,0,0,package://dm_prototype_v02/meshes/l_shoulder_roll_link.STL,0.64706,0.61961,0.58824,1,0,0,0,0,0,0,package://dm_prototype_v02/meshes/l_shoulder_roll_link.STL,,RXDM-总装-1/RXDM-左臂-L2-1/达妙DM-J4310-2EC转子-1;RXDM-总装-1/RXDM-左臂-L2-1/4310输出连接法兰L2-L-1;RXDM-总装-1/RXDM-左臂-L2-1/达妙DM-J4310-2EC定子-1,坐标系9,基准轴9,l_shoulder_roll_joint,revolute,-0.0226999999999999,0.0865,0,0,0,0,l_shoulder_pitch_link,1,0,0,0,0,0,0,,,,,,,,
l_shoulder_yaw_link,-0.0010518,0.00089444,-0.079087,0,0,0,0.40075,0.00014176,-1.4394E-08,-1.5779E-06,0.00013078,2.7563E-06,0.00013929,0,0,0,0,0,0,package://dm_prototype_v02/meshes/l_shoulder_yaw_link.STL,0.64706,0.61961,0.58824,1,0,0,0,0,0,0,package://dm_prototype_v02/meshes/l_shoulder_yaw_link.STL,,RXDM-总装-1/RXDM-左臂-L3-1/达妙DM-J4310-2EC转子-1;RXDM-总装-1/RXDM-左臂-L3-1/达妙DM-J4310-2EC定子-1;RXDM-总装-1/RXDM-左臂-L3-1/左臂-4310输出连接法兰L3-1;RXDM-总装-1/RXDM-左臂-L3-1/左臂-4310双端轴承座J4-1,坐标系10,基准轴10,l_shoulder_yaw_joint,revolute,0.0219999999999999,0,-0.0499999999999998,0,0,0,l_shoulder_roll_link,0,0,-1,0,0,0,0,,,,,,,,
l_elbow_roll_link,0.024328,9.7598E-05,-0.06013,0,0,0,0.4941,0.00024295,-2.7194E-07,-2.2739E-06,0.00026057,-4.0977E-06,0.00027055,0,0,0,0,0,0,package://dm_prototype_v02/meshes/l_elbow_roll_link.STL,0.64706,0.61961,0.58824,1,0,0,0,0,0,0,package://dm_prototype_v02/meshes/l_elbow_roll_link.STL,,RXDM-总装-1/RXDM-左臂-L4-1/达妙DM-J4310-2EC转子-1;RXDM-总装-1/RXDM-左臂-L4-1/达妙DM-J4310-2EC定子-1;RXDM-总装-1/RXDM-左臂-L4-1/L4外壳-1;RXDM-总装-1/RXDM-左臂-L4-1/左臂-4310输出连接法兰L4-1,坐标系11,基准轴11,l_elbow_roll_joint,revolute,-0.0223,0,-0.0895000000000001,0,0,0,l_shoulder_yaw_link,1,0,0,0,0,0,0,,,,,,,,
l_wrist_yaw_link,-0.0007974,-6.6866E-06,-0.076537,0,0,0,0.39976,0.00014722,3.2496E-09,-5.3255E-07,0.0001272,-3.1153E-09,0.00014561,0,0,0,0,0,0,package://dm_prototype_v02/meshes/l_wrist_yaw_link.STL,0.64706,0.61961,0.58824,1,0,0,0,0,0,0,package://dm_prototype_v02/meshes/l_wrist_yaw_link.STL,,RXDM-总装-1/RXDM-左臂-L5-1/达妙DM-J4310-2EC转子-1;RXDM-总装-1/RXDM-左臂-L5-1/4310输出连接法兰L5-1;RXDM-总装-1/RXDM-左臂-L5-1/达妙DM-J4310-2EC定子-1,坐标系12,基准轴12,l_wrist_yaw_joint,revolute,0.022,0,-0.05,0,0,0,l_elbow_roll_link,0,0,-1,0,0,0,0,,,,,,,,
l_wrist_roll_link,0.022714,-0.14768,0.019433,0,0,0,0.001,2.7071,0.0011776,0.012626,2.4689,-0.047383,0.31284,0,0,0,0,0,0,package://dm_prototype_v02/meshes/l_wrist_roll_link.STL,1,1,1,1,0,0,0,0,0,0,package://dm_prototype_v02/meshes/l_wrist_roll_link.STL,,,坐标系13,基准轴13,l_wrist_roll_joint,revolute,-0.0223,0,-0.0865,0,0,0,l_wrist_yaw_link,1,0,0,0,0,0,0,,,,,,,,
l_camera_link,0.0020526,3.6558E-06,-0.0023495,0,0,0,0.0001478,2.6646E-09,5.5386E-13,2.7588E-11,2.2609E-09,-1.1001E-12,5.6902E-10,0,0,0,0,0,0,package://dm_prototype_v02/meshes/l_camera_link.STL,0.79216,0.81961,0.93333,1,0,0,0,0,0,0,package://dm_prototype_v02/meshes/l_camera_link.STL,,RXDM-总装-1/MirrorCMDVF5555-V2-20250912-2,Origin_l_camera_joint,Axis_l_camera_joint,l_camera_joint,fixed,0.0329999999999999,0.03,0.29725,0,0,0,waist_yaw_link,0,0,0,,,,,,,,,,,,
r_camera_link,0.0020526,-3.6558E-06,-0.0023495,0,0,0,0.0001478,2.6646E-09,-5.5386E-13,2.7588E-11,2.2609E-09,1.1001E-12,5.6902E-10,0,0,0,0,0,0,package://dm_prototype_v02/meshes/r_camera_link.STL,0.79216,0.81961,0.93333,1,0,0,0,0,0,0,package://dm_prototype_v02/meshes/r_camera_link.STL,,RXDM-总装-1/CMDVF5555-V2-20250912-1,Origin_r_camera_joint,Axis_r_camera_joint,r_camera_joint,fixed,0.0329999999999999,-0.0300000000000001,0.29725,0,0,0,waist_yaw_link,0,0,0,,,,,,,,,,,,
r_hip_roll_link,0.080917,9.9433E-05,-0.00060262,0,0,0,0.59088,0.0002149,-2.8903E-07,8.4281E-06,0.00025167,2.3606E-08,0.00028171,0,0,0,0,0,0,package://dm_prototype_v02/meshes/r_hip_roll_link.STL,0.69804,0.69804,0.69804,1,0,0,0,0,0,0,package://dm_prototype_v02/meshes/r_hip_roll_link.STL,,r_hip_roll-1/r_hip_roll_link-1;r_hip_roll-1/DM_4340__3D20240822_定子-1;r_hip_roll-1/DM_4340__3D20240822_转子-1,坐标系14,基准轴14,r_hip_roll_joint,revolute,-0.0963,-0.07,0,0,0,0,base_link,-1,0,0,0,0,0,0,,,,,,,,
r_hip_pitch_link,-1.1522E-07,-0.032072,-0.024203,0,0,0,0.36375,0.00028163,8.0695E-10,1.2303E-10,0.00017308,-6.4645E-06,0.00020081,0,0,0,0,0,0,package://dm_prototype_v02/meshes/r_hip_pitch_link.STL,0.6,1,0.96078,1,0,0,0,0,0,0,package://dm_prototype_v02/meshes/r_hip_pitch_link.STL,,r_hip_pitch-1/r_hip_pitch_link-1;r_hip_pitch-1/DM_4340__3D20240822_转子-1;r_hip_pitch-1/4340输出端连接件-1;r_hip_pitch-1/达妙DM-J4310-2EC转子-1,坐标系15,基准轴15,r_hip_pitch_joint,revolute,0.0963000000000001,0.0246,0,0,0,0,r_hip_roll_link,0,1,0,0,0,0,0,,,,,,,,
r_hip_yaw_link,8.556E-07,0.00032568,-0.081355,0,0,0,0.74847,0.00057059,1.6802E-08,1.9949E-06,0.00049948,1.6598E-05,0.00034977,0,0,0,0,0,0,package://dm_prototype_v02/meshes/r_hip_yaw_link.STL,0.89804,0.91765,0.92941,1,0,0,0,0,0,0,package://dm_prototype_v02/meshes/r_hip_yaw_link.STL,,r_hip_yaw-2/达妙DM-J4310-2EC定子-1;r_hip_yaw-2/DM_4340__3D20240822_定子-1;r_hip_yaw-2/r_hip_yaw_link-2-1,坐标系16,基准轴16,r_hip_yaw_joint,revolute,0,-0.0245999999999999,-0.07,0,0,0,r_hip_pitch_link,0,0,1,0,0,0,0,,,,,,,,
r_knee_pitch_link,0.00013027,-0.027507,-0.12318,0,0,0,0.95829,0.0031166,3.1606E-07,-8.1018E-05,0.0034509,3.9758E-06,0.00057402,0,0,0,0,0,0,package://dm_prototype_v02/meshes/r_knee_pitch_link.STL,0.89804,0.91765,0.92941,1,0,0,0,0,0,0,package://dm_prototype_v02/meshes/r_knee_pitch_link.STL,,r_knee_pitch-1/DM_4340__3D20240822_定子-1;r_knee_pitch-1/DM_4340__3D20240822_转子-1;r_knee_pitch-1/4340输出端连接件-1;r_knee_pitch-1/r_knee_pitch-2-1,坐标系17,基准轴17,r_knee_pitch_joint,revolute,0,0.0247999999999999,-0.13,0,0,0,r_hip_yaw_link,0,1,0,0,0,0,0,,,,,,,,
r_ankle_pitch_link,0.0089802,-0.032096,-0.020958,0,0,0,0.43135,0.00041586,-1.7349E-05,4.8296E-05,0.0005858,4.4277E-05,0.00070151,0,0,0,0,0,0,package://dm_prototype_v02/meshes/r_ankle_pitch_link.STL,0.69804,0.69804,0.69804,1,0,0,0,0,0,0,package://dm_prototype_v02/meshes/r_ankle_pitch_link.STL,,r_ankle_pitch-1/r_ankle_pitch_link-1;r_ankle_pitch-1/DM_4340__3D20240822_转子-1;r_ankle_pitch-1/4340输出端连接件-1,坐标系18,基准轴18,r_ankle_pitch_joint,revolute,0,-5.00000000000222E-05,-0.20899997115746,0,0,0,r_knee_pitch_link,0,1,0,0,0,0,0,,,,,,,,
l_hip_roll_link,0.080917,-9.9516E-05,-0.00060325,0,0,0,0.59088,0.0002149,2.8848E-07,8.4269E-06,0.00025167,-2.3531E-08,0.00028171,0,0,0,0,0,0,package://dm_prototype_v02/meshes/l_hip_roll_link.STL,0.69804,0.69804,0.69804,1,0,0,0,0,0,0,package://dm_prototype_v02/meshes/l_hip_roll_link.STL,,Mirrorr_hip_roll-4/Mirrorr_hip_roll_link-1;Mirrorr_hip_roll-4/MirrorDM_4340__3D20240822_定子-1;Mirrorr_hip_roll-4/MirrorDM_4340__3D20240822_转子-1,坐标系19,基准轴19,l_hip_roll_joint,revolute,-0.0963,0.07,0,0,0,0,base_link,-1,0,0,0,0,0,0,,,,,,,,
l_hip_pitch_link,-3.5545E-07,0.032072,-0.024203,0,0,0,0.36375,0.00028163,-3.8326E-10,-2.2685E-10,0.00017308,6.4641E-06,0.00020081,0,0,0,0,0,0,package://dm_prototype_v02/meshes/l_hip_pitch_link.STL,0.69804,0.69804,0.69804,1,0,0,0,0,0,0,package://dm_prototype_v02/meshes/l_hip_pitch_link.STL,,Mirrorr_hip_pitch-4/Mirrorr_hip_pitch_link-1;Mirrorr_hip_pitch-4/MirrorDM_4340__3D20240822_转子-1;Mirrorr_hip_pitch-4/Mirror4340输出端连接件-1;Mirrorr_hip_pitch-4/Mirror达妙DM-J4310-2EC转子-1,坐标系20,基准轴20,l_hip_pitch_joint,revolute,0.0963,-0.0246,0,0,0,0,l_hip_roll_link,0,-1,0,0,0,0,0,,,,,,,,
l_hip_yaw_link,3.0998E-07,-0.00032568,-0.081355,0,0,0,0.74848,0.0005706,-1.7441E-08,2.0031E-06,0.00049948,-1.6596E-05,0.00034977,0,0,0,0,0,0,package://dm_prototype_v02/meshes/l_hip_yaw_link.STL,1,1,1,1,0,0,0,0,0,0,package://dm_prototype_v02/meshes/l_hip_yaw_link.STL,,Mirrorr_hip_yaw-5/Mirror达妙DM-J4310-2EC定子-1;Mirrorr_hip_yaw-5/MirrorDM_4340__3D20240822_定子-1;Mirrorr_hip_yaw-5/Mirrorr_hip_yaw_link-2-1,坐标系21,基准轴21,l_hip_yaw_joint,revolute,0,0.0245999999999999,-0.07,0,0,0,l_hip_pitch_link,0,0,1,0,0,0,0,,,,,,,,
l_knee_pitch_link,0.00013014,0.027506,-0.12318,0,0,0,0.95832,0.0031167,-2.8701E-07,-8.1022E-05,0.003451,-3.9415E-06,0.000574,0,0,0,0,0,0,package://dm_prototype_v02/meshes/l_knee_pitch_link.STL,1,1,1,1,0,0,0,0,0,0,package://dm_prototype_v02/meshes/l_knee_pitch_link.STL,,Mirrorr_knee_pitch-4/MirrorDM_4340__3D20240822_定子-1;Mirrorr_knee_pitch-4/MirrorDM_4340__3D20240822_转子-1;Mirrorr_knee_pitch-4/Mirror4340输出端连接件-1;Mirrorr_knee_pitch-4/Mirrorr_knee_pitch-2-1,坐标系22,基准轴22,l_knee_pitch_joint,revolute,0,-0.0248,-0.13,0,0,0,l_hip_yaw_link,0,-1,0,0,0,0,0,,,,,,,,
l_ankle_pitch_link,0.008987,0.032086,-0.020963,0,0,0,0.43146,0.00041599,1.7352E-05,4.8303E-05,0.00058581,-4.433E-05,0.00070164,0,0,0,0,0,0,package://dm_prototype_v02/meshes/l_ankle_pitch_link.STL,0.69804,0.69804,0.69804,1,0,0,0,0,0,0,package://dm_prototype_v02/meshes/l_ankle_pitch_link.STL,,Mirrorr_ankle_pitch-4/Mirrorr_ankle_pitch_link-1;Mirrorr_ankle_pitch-4/MirrorDM_4340__3D20240822_转子-1;Mirrorr_ankle_pitch-4/Mirror4340输出端连接件-1,坐标系23,基准轴23,l_ankle_pitch_joint,revolute,0,5.00000000001194E-05,-0.20899997115746,0,0,0,l_knee_pitch_link,0,-1,0,0,0,0,0,,,,,,,,
